{"cameraMode":{"drawMode":0,"name":"Shaded","section":"Shading Mode"},"sceneLighting":false,"audioPlay":false,"sceneViewState":{"m_AlwaysRefresh":false,"showFog":true,"showSkybox":false,"showFlares":true,"showImageEffects":true,"showParticleSystems":true,"showVisualEffectGraphs":true,"m_FxEnabled":true},"in2DMode":false,"pivot":{"x":-0.33823978900909426,"y":-0.16431739926338197,"z":0.243463933467865},"rotation":{"x":-0.07923873513936997,"y":0.885492205619812,"z":-0.16416162252426148,"w":-0.42741239070892336},"size":0.5642911195755005,"orthographic":false}