{"cameraMode":{"drawMode":0,"name":"Shaded","section":"Shading Mode"},"sceneLighting":false,"audioPlay":false,"sceneViewState":{"m_AlwaysRefresh":false,"showFog":true,"showSkybox":false,"showFlares":true,"showImageEffects":true,"showParticleSystems":true,"showVisualEffectGraphs":true,"m_FxEnabled":true},"in2DMode":false,"pivot":{"x":-2.2714669704437258,"y":1.4279794692993165,"z":4.926814556121826},"rotation":{"x":-0.027643783017992975,"y":-0.9707997441291809,"z":0.13810251653194428,"w":-0.19430774450302125},"size":0.000017320508050033823,"orthographic":false}