{"cameraMode":{"drawMode":0,"name":"Shaded","section":"Shading Mode"},"sceneLighting":false,"audioPlay":false,"sceneViewState":{"m_AlwaysRefresh":false,"showFog":true,"showSkybox":false,"showFlares":true,"showImageEffects":true,"showParticleSystems":true,"showVisualEffectGraphs":true,"m_FxEnabled":true},"in2DMode":false,"pivot":{"x":-9.367260932922364,"y":4.621443271636963,"z":-2.5978763103485109},"rotation":{"x":-0.16545262932777406,"y":-0.5502178072929382,"z":0.11228463053703308,"w":-0.8107525110244751},"size":0.000017320508050033823,"orthographic":false}