{"cameraMode":{"drawMode":0,"name":"Shaded","section":"Shading Mode"},"sceneLighting":false,"audioPlay":false,"sceneViewState":{"m_AlwaysRefresh":false,"showFog":true,"showSkybox":false,"showFlares":true,"showImageEffects":true,"showParticleSystems":true,"showVisualEffectGraphs":true,"m_FxEnabled":true},"in2DMode":false,"pivot":{"x":0.044744253158569339,"y":0.8707391023635864,"z":0.07845056056976319},"rotation":{"x":-0.038604360073804858,"y":-0.9565978050231934,"z":0.14928384125232697,"w":-0.2473616898059845},"size":1.3835256099700928,"orthographic":false}