{"cameraMode":{"drawMode":0,"name":"Shaded","section":"Shading Mode"},"sceneLighting":false,"audioPlay":false,"sceneViewState":{"m_AlwaysRefresh":false,"showFog":true,"showSkybox":false,"showFlares":true,"showImageEffects":true,"showParticleSystems":true,"showVisualEffectGraphs":true,"m_FxEnabled":true},"in2DMode":false,"pivot":{"x":0.0002343207597732544,"y":0.008971922099590302,"z":0.12120671570301056},"rotation":{"x":-0.053880318999290469,"y":0.9295356869697571,"z":-0.1507798582315445,"w":-0.332160085439682},"size":0.20416022837162019,"orthographic":false}