{"cameraMode":{"drawMode":0,"name":"Shaded","section":"Shading Mode"},"sceneLighting":false,"audioPlay":false,"sceneViewState":{"m_AlwaysRefresh":false,"showFog":true,"showSkybox":false,"showFlares":true,"showImageEffects":true,"showParticleSystems":true,"showVisualEffectGraphs":true,"m_FxEnabled":true},"in2DMode":false,"pivot":{"x":0.007276177406311035,"y":0.06540557742118836,"z":-0.009003609418869019},"rotation":{"x":-0.050401315093040469,"y":0.934607207775116,"z":-0.1472892463207245,"w":-0.31981149315834048},"size":0.22304938733577729,"orthographic":false}