{"cameraMode":{"drawMode":0,"name":"Shaded","section":"Shading Mode"},"sceneLighting":false,"audioPlay":false,"sceneViewState":{"m_AlwaysRefresh":false,"showFog":true,"showSkybox":false,"showFlares":true,"showImageEffects":true,"showParticleSystems":true,"showVisualEffectGraphs":true,"m_FxEnabled":true},"in2DMode":false,"pivot":{"x":0.001924276351928711,"y":0.6596269607543945,"z":0.03964066505432129},"rotation":{"x":-0.006051456555724144,"y":-0.9826104044914246,"z":0.18284627795219422,"w":-0.032803695648908618},"size":4.334427833557129,"orthographic":false}