{"cameraMode":{"drawMode":0,"name":"Shaded","section":"Shading Mode"},"sceneLighting":false,"audioPlay":false,"sceneViewState":{"m_AlwaysRefresh":false,"showFog":true,"showSkybox":false,"showFlares":true,"showImageEffects":true,"showParticleSystems":true,"showVisualEffectGraphs":true,"m_FxEnabled":true},"in2DMode":false,"pivot":{"x":-4.947432041168213,"y":2.9961941242218019,"z":-0.41174036264419558},"rotation":{"x":-0.15597692131996156,"y":-0.6061469912528992,"z":0.12275157868862152,"w":-0.7702153325080872},"size":0.000017320508050033823,"orthographic":false}