{"cameraMode":{"drawMode":0,"name":"Shaded","section":"Shading Mode"},"sceneLighting":false,"audioPlay":false,"sceneViewState":{"m_AlwaysRefresh":false,"showFog":true,"showSkybox":false,"showFlares":true,"showImageEffects":true,"showParticleSystems":true,"showVisualEffectGraphs":true,"m_FxEnabled":true},"in2DMode":false,"pivot":{"x":-2.449253559112549,"y":1.5669224262237549,"z":4.7231831550598148},"rotation":{"x":-0.038604360073804858,"y":-0.9565978050231934,"z":0.14928384125232697,"w":-0.2473616898059845},"size":0.000017320508050033823,"orthographic":false}