{"cameraMode":{"drawMode":0,"name":"Shaded","section":"Shading Mode"},"sceneLighting":false,"audioPlay":false,"sceneViewState":{"m_AlwaysRefresh":false,"showFog":true,"showSkybox":false,"showFlares":true,"showImageEffects":true,"showParticleSystems":true,"showVisualEffectGraphs":true,"m_FxEnabled":true},"in2DMode":false,"pivot":{"x":-2.6642906665802,"y":1.0611211061477662,"z":-0.5492984056472778},"rotation":{"x":-0.12507213652133943,"y":-0.6331542730331421,"z":0.10465297102928162,"w":-0.7566787004470825},"size":0.000017320508050033823,"orthographic":false}