{"cameraMode":{"drawMode":0,"name":"Shaded","section":"Shading Mode"},"sceneLighting":false,"audioPlay":false,"sceneViewState":{"m_AlwaysRefresh":false,"showFog":true,"showSkybox":false,"showFlares":true,"showImageEffects":true,"showParticleSystems":true,"showVisualEffectGraphs":true,"m_FxEnabled":true},"in2DMode":false,"pivot":{"x":-2.0570764541625978,"y":1.0031704902648926,"z":-1.5571630001068116},"rotation":{"x":-0.1433088183403015,"y":-0.4234585762023926,"z":0.06803616881370545,"w":-0.891940176486969},"size":0.000017320508050033823,"orthographic":false}