{"cameraMode":{"drawMode":0,"name":"Shaded","section":"Shading Mode"},"sceneLighting":false,"audioPlay":false,"sceneViewState":{"m_AlwaysRefresh":false,"showFog":true,"showSkybox":false,"showFlares":true,"showImageEffects":true,"showParticleSystems":true,"showVisualEffectGraphs":true,"m_FxEnabled":true},"in2DMode":false,"pivot":{"x":0.07009196281433106,"y":1.2706300020217896,"z":-0.008960723876953125},"rotation":{"x":0.20985764265060426,"y":-0.6159468293190002,"z":0.17482812702655793,"w":0.7389792203903198},"size":2.502579927444458,"orthographic":false}