{"cameraMode":{"drawMode":0,"name":"Shaded","section":"Shading Mode"},"sceneLighting":false,"audioPlay":false,"sceneViewState":{"m_AlwaysRefresh":false,"showFog":true,"showSkybox":false,"showFlares":true,"showImageEffects":true,"showParticleSystems":true,"showVisualEffectGraphs":true,"m_FxEnabled":true},"in2DMode":false,"pivot":{"x":-0.0010305941104888917,"y":0.4177436828613281,"z":0.061050236225128177},"rotation":{"x":-0.038604360073804858,"y":-0.9565978050231934,"z":0.14928384125232697,"w":-0.2473616898059845},"size":0.7242130637168884,"orthographic":false}