{"cameraMode":{"drawMode":0,"name":"Shaded","section":"Shading Mode"},"sceneLighting":false,"audioPlay":false,"sceneViewState":{"m_AlwaysRefresh":false,"showFog":true,"showSkybox":false,"showFlares":true,"showImageEffects":true,"showParticleSystems":true,"showVisualEffectGraphs":true,"m_FxEnabled":true},"in2DMode":false,"pivot":{"x":0.004019320011138916,"y":0.058711856603622439,"z":0.05671459436416626},"rotation":{"x":-0.1433088183403015,"y":-0.4234585762023926,"z":0.06803616881370545,"w":-0.891940176486969},"size":0.6148779988288879,"orthographic":false}