{"cameraMode":{"drawMode":0,"name":"Shaded","section":"Shading Mode"},"sceneLighting":false,"audioPlay":false,"sceneViewState":{"m_AlwaysRefresh":false,"showFog":true,"showSkybox":false,"showFlares":true,"showImageEffects":true,"showParticleSystems":true,"showVisualEffectGraphs":true,"m_FxEnabled":true},"in2DMode":false,"pivot":{"x":-0.1376371532678604,"y":-0.07384420931339264,"z":0.01794443279504776},"rotation":{"x":-0.12420137226581574,"y":0.6615486741065979,"z":-0.11240853369235993,"w":-0.7309545278549194},"size":1.6247682571411133,"orthographic":false}